"","source","stype","target","ttype"
"1","12171729_ct","ct","12171729","pmid1"
"2","12171727_ct","ct","12171727","pmid1"
"3","12171726_ct","ct","12171726","pmid1"
"4","12171723_ct","ct","12171723","pmid1"
"5","12171714_ct","ct","12171714","pmid1"
"6","11342359_ct","ct","11342359","pmid1"
"7","11001893_ct","ct","11001893","pmid1"
"8","10773997_ct","ct","10773997","pmid1"
"9","10589966_ct","ct","10589966","pmid1"
"10","10568572_ct","ct","10568572","pmid1"
"11","10482259_ct","ct","10482259","pmid1"
"12","10417050_ct","ct","10417050","pmid1"
"13","10390197_ct","ct","10390197","pmid1"
"14","10350345_ct","ct","10350345","pmid1"
"15","9845524_ct","ct","9845524","pmid1"
"16","9779699_ct","ct","9779699","pmid1"
"17","9502298_ct","ct","9502298","pmid1"
"18","9235735_ct","ct","9235735","pmid1"
"19","9215839_ct","ct","9215839","pmid1"
"20","9195505_ct","ct","9195505","pmid1"
"21","9250818_ct","ct","9250818","pmid1"
"22","9193354_ct","ct","9193354","pmid1"
"23","9049965_ct","ct","9049965","pmid1"
"24","8707338_ct","ct","8707338","pmid1"
"25","8611450_ct","ct","8611450","pmid1"
"26","8722340_ct","ct","8722340","pmid1"
"27","8671618_ct","ct","8671618","pmid1"
"28","7488279_ct","ct","7488279","pmid1"
"29","7575719_ct","ct","7575719","pmid1"
"30","7575711_ct","ct","7575711","pmid1"
"31","7632956_ct","ct","7632956","pmid1"
"32","7655382_ct","ct","7655382","pmid1"
"33","7531440_ct","ct","7531440","pmid1"
"34","7920312_ct","ct","7920312","pmid1"
"35","7922004_ct","ct","7922004","pmid1"
"36","8324942_ct","ct","8324942","pmid1"
"37","1391938_ct","ct","1391938","pmid1"
"38","1356177_ct","ct","1356177","pmid1"
"39","2667209_ct","ct","2667209","pmid1"
"40","2480280_ct","ct","2480280","pmid1"
"41","alemtuzumab","root","12171729_ct","ct"
"42","alemtuzumab","root","12171727_ct","ct"
"43","alemtuzumab","root","12171726_ct","ct"
"44","alemtuzumab","root","12171723_ct","ct"
"45","alemtuzumab","root","12171714_ct","ct"
"46","alemtuzumab","root","11342359_ct","ct"
"47","alemtuzumab","root","11001893_ct","ct"
"48","alemtuzumab","root","10773997_ct","ct"
"49","alemtuzumab","root","10589966_ct","ct"
"50","alemtuzumab","root","10568572_ct","ct"
"51","alemtuzumab","root","10482259_ct","ct"
"52","alemtuzumab","root","10417050_ct","ct"
"53","alemtuzumab","root","10390197_ct","ct"
"54","alemtuzumab","root","10350345_ct","ct"
"55","alemtuzumab","root","9845524_ct","ct"
"56","alemtuzumab","root","9779699_ct","ct"
"57","alemtuzumab","root","9502298_ct","ct"
"58","alemtuzumab","root","9235735_ct","ct"
"59","alemtuzumab","root","9215839_ct","ct"
"60","alemtuzumab","root","9195505_ct","ct"
"61","alemtuzumab","root","9250818_ct","ct"
"62","alemtuzumab","root","9193354_ct","ct"
"63","alemtuzumab","root","9049965_ct","ct"
"64","alemtuzumab","root","8707338_ct","ct"
"65","alemtuzumab","root","8611450_ct","ct"
"66","alemtuzumab","root","8722340_ct","ct"
"67","alemtuzumab","root","8671618_ct","ct"
"68","alemtuzumab","root","7488279_ct","ct"
"69","alemtuzumab","root","7575719_ct","ct"
"70","alemtuzumab","root","7575711_ct","ct"
"71","alemtuzumab","root","7632956_ct","ct"
"72","alemtuzumab","root","7655382_ct","ct"
"73","alemtuzumab","root","7531440_ct","ct"
"74","alemtuzumab","root","7920312_ct","ct"
"75","alemtuzumab","root","7922004_ct","ct"
"76","alemtuzumab","root","8324942_ct","ct"
"77","alemtuzumab","root","1391938_ct","ct"
"78","alemtuzumab","root","1356177_ct","ct"
"79","alemtuzumab","root","2667209_ct","ct"
"80","alemtuzumab","root","2480280_ct","ct"
"81","us5846534","patent","3106970","pmid1"
"82","us5846534","patent","3260935","pmid1"
"83","us5846534","patent","3584980","pmid1"
"84","us5846534","patent","3138110","pmid1"
"85","us5846534","patent","3096824","pmid1"
"86","us5846534","patent","3529531","pmid1"
"87","us5846534","patent","6438435","pmid1"
"88","us5846534","patent","2904526","pmid1"
"89","us5846534","patent","6349718","pmid1"
"90","us5846534","patent","3980990","pmid1"
"91","us5846534","patent","6438435","pmid1"
"92","us5846534","patent","3529531","pmid1"
"93","us5846534","patent","2904526","pmid1"
"94","us5846534","patent","6349718","pmid1"
"95","us5846534","patent","6390085","pmid1"
"96","us5846534","patent","3980990","pmid1"
"97","us5846534","patent","3513818","pmid1"
"98","us5846534","patent","3540463","pmid1"
"99","us5846534","patent","6438435","pmid1"
"100","us5846534","patent","3655386","pmid1"
"101","us5846534","patent","6438435","pmid1"
"102","us5846534","patent","3332120","pmid1"
"103","us5846534","patent","3127726","pmid1"
"104","us5846534","patent","3500259","pmid1"
"105","us5846534","patent","2451287","pmid1"
"106","us5846534","patent","7879212","pmid1"
"107","us5846534","patent","3713831","pmid1"
"108","us5846534","patent","2562939","pmid1"
"109","us5846534","patent","3614380","pmid1"
"110","us5846534","patent","3528046","pmid1"
"111","us5846534","patent","3387441","pmid1"
"112","us5846534","patent","990273","pmid1"
"113","alemtuzumab","root","us5846534","patent"
"114","bla_103948","fda","8652811","pmid1"
"115","bla_103948","fda","1356177","pmid1"
"116","bla_103948","fda","8704678","pmid1"
"117","bla_103948","fda","8611450","pmid1"
"118","bla_103948","fda","9215839","pmid1"
"119","bla_103948","fda","9193354","pmid1"
"120","alemtuzumab","root","bla_103948","fda"
"121","alemtuzumab","root","16160950","pmid1"
"122","alemtuzumab","root","12171730","pmid1"
"123","alemtuzumab","root","12171729","pmid1"
"124","alemtuzumab","root","12171727","pmid1"
"125","alemtuzumab","root","12171726","pmid1"
"126","alemtuzumab","root","12171725","pmid1"
"127","alemtuzumab","root","12171723","pmid1"
"128","alemtuzumab","root","12171722","pmid1"
"129","alemtuzumab","root","12171721","pmid1"
"130","alemtuzumab","root","12171720","pmid1"
"131","alemtuzumab","root","12171714","pmid1"
"132","alemtuzumab","root","12113137","pmid1"
"133","alemtuzumab","root","12113127","pmid1"
"134","alemtuzumab","root","12042050","pmid1"
"135","alemtuzumab","root","11962789","pmid1"
"136","alemtuzumab","root","11899778","pmid1"
"137","alemtuzumab","root","11879313","pmid1"
"138","alemtuzumab","root","11847424","pmid1"
"139","alemtuzumab","root","11778765","pmid1"
"140","alemtuzumab","root","11722986","pmid1"
"141","alemtuzumab","root","11722982","pmid1"
"142","alemtuzumab","root","11585011","pmid1"
"143","alemtuzumab","root","11583062","pmid1"
"144","alemtuzumab","root","11527007","pmid1"
"145","alemtuzumab","root","11510560","pmid1"
"146","alemtuzumab","root","11477365","pmid1"
"147","alemtuzumab","root","11461662","pmid1"
"148","alemtuzumab","root","11449871","pmid1"
"149","alemtuzumab","root","11449628","pmid1"
"150","alemtuzumab","root","11441256","pmid1"
"151","alemtuzumab","root","11438820","pmid1"
"152","alemtuzumab","root","11420384","pmid1"
"153","alemtuzumab","root","11418459","pmid1"
"154","alemtuzumab","root","11377483","pmid1"
"155","alemtuzumab","root","11375079","pmid1"
"156","alemtuzumab","root","11360116","pmid1"
"157","alemtuzumab","root","11342359","pmid1"
"158","alemtuzumab","root","11298593","pmid1"
"159","alemtuzumab","root","11296131","pmid1"
"160","alemtuzumab","root","11277178","pmid1"
"161","alemtuzumab","root","11268323","pmid1"
"162","alemtuzumab","root","11257744","pmid1"
"163","alemtuzumab","root","11249458","pmid1"
"164","alemtuzumab","root","11219009","pmid1"
"165","alemtuzumab","root","11160771","pmid1"
"166","alemtuzumab","root","11158184","pmid1"
"167","alemtuzumab","root","11149212","pmid1"
"168","alemtuzumab","root","11147488","pmid1"
"169","alemtuzumab","root","11128816","pmid1"
"170","alemtuzumab","root","11122838","pmid1"
"171","alemtuzumab","root","11085457","pmid1"
"172","alemtuzumab","root","11045999","pmid1"
"173","alemtuzumab","root","11040273","pmid1"
"174","alemtuzumab","root","11037855","pmid1"
"175","alemtuzumab","root","11035276","pmid1"
"176","alemtuzumab","root","11022631","pmid1"
"177","alemtuzumab","root","11013436","pmid1"
"178","alemtuzumab","root","11001893","pmid1"
"179","alemtuzumab","root","10960874","pmid1"
"180","alemtuzumab","root","10950363","pmid1"
"181","alemtuzumab","root","10918407","pmid1"
"182","alemtuzumab","root","10907481","pmid1"
"183","alemtuzumab","root","10894353","pmid1"
"184","alemtuzumab","root","10891435","pmid1"
"185","alemtuzumab","root","10889906","pmid1"
"186","alemtuzumab","root","10877047","pmid1"
"187","alemtuzumab","root","10845940","pmid1"
"188","alemtuzumab","root","10848438","pmid1"
"189","alemtuzumab","root","10798754","pmid1"
"190","alemtuzumab","root","10798751","pmid1"
"191","alemtuzumab","root","10792280","pmid1"
"192","alemtuzumab","root","10773997","pmid1"
"193","alemtuzumab","root","10761013","pmid1"
"194","alemtuzumab","root","10752996","pmid1"
"195","alemtuzumab","root","10744652","pmid1"
"196","alemtuzumab","root","10723585","pmid1"
"197","alemtuzumab","root","10713664","pmid1"
"198","alemtuzumab","root","21337085","pmid1"
"199","alemtuzumab","root","10611109","pmid1"
"200","alemtuzumab","root","10589966","pmid1"
"201","alemtuzumab","root","10573085","pmid1"
"202","alemtuzumab","root","10568572","pmid1"
"203","alemtuzumab","root","10565991","pmid1"
"204","alemtuzumab","root","10561025","pmid1"
"205","alemtuzumab","root","10561018","pmid1"
"206","alemtuzumab","root","10528911","pmid1"
"207","alemtuzumab","root","10524207","pmid1"
"208","alemtuzumab","root","10520035","pmid1"
"209","alemtuzumab","root","10498590","pmid1"
"210","alemtuzumab","root","10498594","pmid1"
"211","alemtuzumab","root","10489036","pmid1"
"212","alemtuzumab","root","10482259","pmid1"
"213","alemtuzumab","root","10477459","pmid1"
"214","alemtuzumab","root","10444204","pmid1"
"215","alemtuzumab","root","10417050","pmid1"
"216","alemtuzumab","root","10417047","pmid1"
"217","alemtuzumab","root","10390197","pmid1"
"218","alemtuzumab","root","10366506","pmid1"
"219","alemtuzumab","root","10350345","pmid1"
"220","alemtuzumab","root","10335520","pmid1"
"221","alemtuzumab","root","10329437","pmid1"
"222","alemtuzumab","root","10211898","pmid1"
"223","alemtuzumab","root","10092828","pmid1"
"224","alemtuzumab","root","10071037","pmid1"
"225","alemtuzumab","root","10050661","pmid1"
"226","alemtuzumab","root","9866817","pmid1"
"227","alemtuzumab","root","9845524","pmid1"
"228","alemtuzumab","root","9838682","pmid1"
"229","alemtuzumab","root","9834254","pmid1"
"230","alemtuzumab","root","9824507","pmid1"
"231","alemtuzumab","root","9811544","pmid1"
"232","alemtuzumab","root","9809379","pmid1"
"233","alemtuzumab","root","9779699","pmid1"
"234","alemtuzumab","root","9777606","pmid1"
"235","alemtuzumab","root","9747629","pmid1"
"236","alemtuzumab","root","9737590","pmid1"
"237","alemtuzumab","root","9734890","pmid1"
"238","alemtuzumab","root","9712499","pmid1"
"239","alemtuzumab","root","9707017","pmid1"
"240","alemtuzumab","root","9668276","pmid1"
"241","alemtuzumab","root","9630324","pmid1"
"242","alemtuzumab","root","9630323","pmid1"
"243","alemtuzumab","root","9593475","pmid1"
"244","alemtuzumab","root","9531622","pmid1"
"245","alemtuzumab","root","9578307","pmid1"
"246","alemtuzumab","root","9509982","pmid1"
"247","alemtuzumab","root","9502298","pmid1"
"248","alemtuzumab","root","9482528","pmid1"
"249","alemtuzumab","root","9471061","pmid1"
"250","alemtuzumab","root","9464849","pmid1"
"251","alemtuzumab","root","9367397","pmid1"
"252","alemtuzumab","root","9337063","pmid1"
"253","alemtuzumab","root","9337053","pmid1"
"254","alemtuzumab","root","9291477","pmid1"
"255","alemtuzumab","root","9235735","pmid1"
"256","alemtuzumab","root","9228156","pmid1"
"257","alemtuzumab","root","9215839","pmid1"
"258","alemtuzumab","root","9204983","pmid1"
"259","alemtuzumab","root","9188478","pmid1"
"260","alemtuzumab","root","9207420","pmid1"
"261","alemtuzumab","root","9195505","pmid1"
"262","alemtuzumab","root","9250818","pmid1"
"263","alemtuzumab","root","9163593","pmid1"
"264","alemtuzumab","root","9126378","pmid1"
"265","alemtuzumab","root","9193354","pmid1"
"266","alemtuzumab","root","9148769","pmid1"
"267","alemtuzumab","root","9054677","pmid1"
"268","alemtuzumab","root","9054672","pmid1"
"269","alemtuzumab","root","9051241","pmid1"
"270","alemtuzumab","root","9020367","pmid1"
"271","alemtuzumab","root","8981930","pmid1"
"272","alemtuzumab","root","9137963","pmid1"
"273","alemtuzumab","root","9049965","pmid1"
"274","alemtuzumab","root","8973608","pmid1"
"275","alemtuzumab","root","8899185","pmid1"
"276","alemtuzumab","root","8790160","pmid1"
"277","alemtuzumab","root","8784367","pmid1"
"278","alemtuzumab","root","8864469","pmid1"
"279","alemtuzumab","root","8864449","pmid1"
"280","alemtuzumab","root","9345418","pmid1"
"281","alemtuzumab","root","8844262","pmid1"
"282","alemtuzumab","root","8756101","pmid1"
"283","alemtuzumab","root","8690051","pmid1"
"284","alemtuzumab","root","8782148","pmid1"
"285","alemtuzumab","root","8690449","pmid1"
"286","alemtuzumab","root","8733715","pmid1"
"287","alemtuzumab","root","8733704","pmid1"
"288","alemtuzumab","root","8707338","pmid1"
"289","alemtuzumab","root","8611731","pmid1"
"290","alemtuzumab","root","8611450","pmid1"
"291","alemtuzumab","root","8738190","pmid1"
"292","alemtuzumab","root","8722340","pmid1"
"293","alemtuzumab","root","8704678","pmid1"
"294","alemtuzumab","root","8671618","pmid1"
"295","alemtuzumab","root","8620297","pmid1"
"296","alemtuzumab","root","8624684","pmid1"
"297","alemtuzumab","root","9238651","pmid1"
"298","alemtuzumab","root","8562410","pmid1"
"299","alemtuzumab","root","8546734","pmid1"
"300","alemtuzumab","root","8618827","pmid1"
"301","alemtuzumab","root","9373346","pmid1"
"302","alemtuzumab","root","8750280","pmid1"
"303","alemtuzumab","root","8720080","pmid1"
"304","alemtuzumab","root","8643100","pmid1"
"305","alemtuzumab","root","7491698","pmid1"
"306","alemtuzumab","root","8654681","pmid1"
"307","alemtuzumab","root","8534657","pmid1"
"308","alemtuzumab","root","7488279","pmid1"
"309","alemtuzumab","root","7579421","pmid1"
"310","alemtuzumab","root","22358555","pmid1"
"311","alemtuzumab","root","8991975","pmid1"
"312","alemtuzumab","root","7572995","pmid1"
"313","alemtuzumab","root","7575719","pmid1"
"314","alemtuzumab","root","7575711","pmid1"
"315","alemtuzumab","root","7632956","pmid1"
"316","alemtuzumab","root","9358610","pmid1"
"317","alemtuzumab","root","7622867","pmid1"
"318","alemtuzumab","root","7662637","pmid1"
"319","alemtuzumab","root","7557898","pmid1"
"320","alemtuzumab","root","7762066","pmid1"
"321","alemtuzumab","root","7655382","pmid1"
"322","alemtuzumab","root","7890742","pmid1"
"323","alemtuzumab","root","7762819","pmid1"
"324","alemtuzumab","root","7734348","pmid1"
"325","alemtuzumab","root","7599563","pmid1"
"326","alemtuzumab","root","7773229","pmid1"
"327","alemtuzumab","root","7531440","pmid1"
"328","alemtuzumab","root","7530212","pmid1"
"329","alemtuzumab","root","22358746","pmid1"
"330","alemtuzumab","root","8543073","pmid1"
"331","alemtuzumab","root","7718516","pmid1"
"332","alemtuzumab","root","7711666","pmid1"
"333","alemtuzumab","root","7584499","pmid1"
"334","alemtuzumab","root","7858503","pmid1"
"335","alemtuzumab","root","7914262","pmid1"
"336","alemtuzumab","root","7920312","pmid1"
"337","alemtuzumab","root","8054913","pmid1"
"338","alemtuzumab","root","8027367","pmid1"
"339","alemtuzumab","root","8019459","pmid1"
"340","alemtuzumab","root","7997943","pmid1"
"341","alemtuzumab","root","7922004","pmid1"
"342","alemtuzumab","root","8260716","pmid1"
"343","alemtuzumab","root","8405234","pmid1"
"344","alemtuzumab","root","8405223","pmid1"
"345","alemtuzumab","root","8241978","pmid1"
"346","alemtuzumab","root","8366859","pmid1"
"347","alemtuzumab","root","7688956","pmid1"
"348","alemtuzumab","root","7687895","pmid1"
"349","alemtuzumab","root","8217808","pmid1"
"350","alemtuzumab","root","8477804","pmid1"
"351","alemtuzumab","root","8096935","pmid1"
"352","alemtuzumab","root","8324942","pmid1"
"353","alemtuzumab","root","7685389","pmid1"
"354","alemtuzumab","root","8094189","pmid1"
"355","alemtuzumab","root","8448560","pmid1"
"356","alemtuzumab","root","8448531","pmid1"
"357","alemtuzumab","root","8124250","pmid1"
"358","alemtuzumab","root","1384718","pmid1"
"359","alemtuzumab","root","1391938","pmid1"
"360","alemtuzumab","root","1356177","pmid1"
"361","alemtuzumab","root","1635559","pmid1"
"362","alemtuzumab","root","1390211","pmid1"
"363","alemtuzumab","root","1352921","pmid1"
"364","alemtuzumab","root","1600413","pmid1"
"365","alemtuzumab","root","1581219","pmid1"
"366","alemtuzumab","root","1543952","pmid1"
"367","alemtuzumab","root","1504665","pmid1"
"368","alemtuzumab","root","1438436","pmid1"
"369","alemtuzumab","root","1339322","pmid1"
"370","alemtuzumab","root","1787497","pmid1"
"371","alemtuzumab","root","1908152","pmid1"
"372","alemtuzumab","root","1799264","pmid1"
"373","alemtuzumab","root","1711975","pmid1"
"374","alemtuzumab","root","1903536","pmid1"
"375","alemtuzumab","root","2070132","pmid1"
"376","alemtuzumab","root","1985691","pmid1"
"377","alemtuzumab","root","27464246","pmid1"
"378","alemtuzumab","root","2043872","pmid1"
"379","alemtuzumab","root","1998598","pmid1"
"380","alemtuzumab","root","1878698","pmid1"
"381","alemtuzumab","root","1675214","pmid1"
"382","alemtuzumab","root","1367214","pmid1"
"383","alemtuzumab","root","2238056","pmid1"
"384","alemtuzumab","root","2104246","pmid1"
"385","alemtuzumab","root","2338131","pmid1"
"386","alemtuzumab","root","2323363","pmid1"
"387","alemtuzumab","root","2328322","pmid1"
"388","alemtuzumab","root","2337682","pmid1"
"389","alemtuzumab","root","2346286","pmid1"
"390","alemtuzumab","root","2184907","pmid1"
"391","alemtuzumab","root","2180151","pmid1"
"392","alemtuzumab","root","2165283","pmid1"
"393","alemtuzumab","root","2138367","pmid1"
"394","alemtuzumab","root","27463993","pmid1"
"395","alemtuzumab","root","27456733","pmid1"
"396","alemtuzumab","root","2308978","pmid1"
"397","alemtuzumab","root","1713884","pmid1"
"398","alemtuzumab","root","2692692","pmid1"
"399","alemtuzumab","root","2790337","pmid1"
"400","alemtuzumab","root","2667209","pmid1"
"401","alemtuzumab","root","2671531","pmid1"
"402","alemtuzumab","root","2660360","pmid1"
"403","alemtuzumab","root","2786388","pmid1"
"404","alemtuzumab","root","2713487","pmid1"
"405","alemtuzumab","root","2661437","pmid1"
"406","alemtuzumab","root","2910352","pmid1"
"407","alemtuzumab","root","2784335","pmid1"
"408","alemtuzumab","root","2562939","pmid1"
"409","alemtuzumab","root","2480280","pmid1"
"410","alemtuzumab","root","2472335","pmid1"
"411","alemtuzumab","root","2904526","pmid1"
"412","alemtuzumab","root","3067007","pmid1"
"413","alemtuzumab","root","2973413","pmid1"
"414","alemtuzumab","root","3263310","pmid1"
"415","alemtuzumab","root","3291930","pmid1"
"416","alemtuzumab","root","3048491","pmid1"
"417","alemtuzumab","root","3048490","pmid1"
"418","alemtuzumab","root","3282358","pmid1"
"419","alemtuzumab","root","2452479","pmid1"
"420","alemtuzumab","root","3043753","pmid1"
"421","alemtuzumab","root","3278419","pmid1"
"422","alemtuzumab","root","3257510","pmid1"
"423","alemtuzumab","root","3260131","pmid1"
"424","alemtuzumab","root","3122385","pmid1"
"425","alemtuzumab","root","3061978","pmid1"
"426","alemtuzumab","root","3332190","pmid1"
"427","alemtuzumab","root","3655386","pmid1"
"428","alemtuzumab","root","3609184","pmid1"
"429","alemtuzumab","root","3623632","pmid1"
"430","alemtuzumab","root","2953090","pmid1"
"431","alemtuzumab","root","3548798","pmid1"
"432","alemtuzumab","root","3545877","pmid1"
"433","alemtuzumab","root","2879121","pmid1"
"434","alemtuzumab","root","3501389","pmid1"
"435","alemtuzumab","root","3500899","pmid1"
"436","alemtuzumab","root","3331647","pmid1"
"437","alemtuzumab","root","3304736","pmid1"
"438","alemtuzumab","root","2878268","pmid1"
"439","alemtuzumab","root","2878219","pmid1"
"440","alemtuzumab","root","3492041","pmid1"
"441","alemtuzumab","root","3543275","pmid1"
"442","alemtuzumab","root","3539172","pmid1"
"443","alemtuzumab","root","3538379","pmid1"
"444","alemtuzumab","root","3096200","pmid1"
"445","alemtuzumab","root","3531347","pmid1"
"446","alemtuzumab","root","3529531","pmid1"
"447","alemtuzumab","root","3096824","pmid1"
"448","alemtuzumab","root","3332120","pmid1"
"449","alemtuzumab","root","3528046","pmid1"
"450","alemtuzumab","root","3513818","pmid1"
"451","alemtuzumab","root","2867383","pmid1"
"452","alemtuzumab","root","3540463","pmid1"
"453","alemtuzumab","root","3909387","pmid1"
"454","alemtuzumab","root","3909385","pmid1"
"455","alemtuzumab","root","3890929","pmid1"
"456","alemtuzumab","root","3901694","pmid1"
"457","alemtuzumab","root","3901693","pmid1"
"458","alemtuzumab","root","6147548","pmid1"
"459","alemtuzumab","root","6438435","pmid1"
"460","alemtuzumab","root","6349718","pmid1"
"461","alemtuzumab","root","13837954","pmid1"
"462","alemtuzumab","root","13099277","pmid1"
"463","alemtuzumab","root","4894426","pmid1"
"464","alemtuzumab","root","4325096","pmid1"
"465","alemtuzumab","root","1139039","pmid1"
"466","alemtuzumab","root","1172191","pmid1"
"467","alemtuzumab","root","766892","pmid1"
"468","alemtuzumab","root","322854","pmid1"
"469","alemtuzumab","root","350045","pmid1"
"470","alemtuzumab","root","82836","pmid1"
"471","alemtuzumab","root","505093","pmid1"
"472","alemtuzumab","root","6157721","pmid1"
"473","alemtuzumab","root","7427932","pmid1"
"474","alemtuzumab","root","6969092","pmid1"
"475","alemtuzumab","root","7237385","pmid1"
"476","alemtuzumab","root","6173751","pmid1"
"477","alemtuzumab","root","6349718","pmid1"
"478","alemtuzumab","root","6438435","pmid1"
"479","alemtuzumab","root","6482933","pmid1"
"480","alemtuzumab","root","6147548","pmid1"
"481","alemtuzumab","root","6377608","pmid1"
"482","alemtuzumab","root","6609729","pmid1"
"483","alemtuzumab","root","3871353","pmid1"
"484","alemtuzumab","root","3529524","pmid1"
"485","alemtuzumab","root","3529531","pmid1"
"486","alemtuzumab","root","3513818","pmid1"
"487","alemtuzumab","root","3332120","pmid1"
"488","alemtuzumab","root","3304736","pmid1"
"489","alemtuzumab","root","3296349","pmid1"
"490","alemtuzumab","root","3317855","pmid1"
"491","alemtuzumab","root","3655386","pmid1"
"492","alemtuzumab","root","2901280","pmid1"
"493","alemtuzumab","root","2901668","pmid1"
"494","alemtuzumab","root","3050711","pmid1"
"495","alemtuzumab","root","3278419","pmid1"
"496","alemtuzumab","root","3127726","pmid1"
"497","alemtuzumab","root","3291930","pmid1"
"498","alemtuzumab","root","2833957","pmid1"
"499","alemtuzumab","root","2904526","pmid1"
"500","alemtuzumab","root","2661437","pmid1"
"501","alemtuzumab","root","2667754","pmid1"
"502","alemtuzumab","root","2784491","pmid1"
"503","alemtuzumab","root","2713487","pmid1"
"504","alemtuzumab","root","2297567","pmid1"
"505","alemtuzumab","root","2180151","pmid1"
"506","alemtuzumab","root","2165283","pmid1"
"507","alemtuzumab","root","2099402","pmid1"
"508","alemtuzumab","root","1714949","pmid1"
"509","alemtuzumab","root","1904989","pmid1"
"510","alemtuzumab","root","2024863","pmid1"
"511","alemtuzumab","root","2070147","pmid1"
"512","alemtuzumab","root","1715244","pmid1"
"513","alemtuzumab","root","1742486","pmid1"
"514","alemtuzumab","root","1370636","pmid1"
"515","alemtuzumab","root","1354425","pmid1"
"516","alemtuzumab","root","1498329","pmid1"
"517","alemtuzumab","root","1644158","pmid1"
"518","alemtuzumab","root","1406793","pmid1"
"519","alemtuzumab","root","8099991","pmid1"
"520","alemtuzumab","root","7688956","pmid1"
"521","alemtuzumab","root","8499626","pmid1"
"522","alemtuzumab","root","7687326","pmid1"
"523","alemtuzumab","root","8324942","pmid1"
"524","alemtuzumab","root","7687895","pmid1"
"525","alemtuzumab","root","7686506","pmid1"
"526","alemtuzumab","root","8366859","pmid1"
"527","alemtuzumab","root","8353071","pmid1"
"528","alemtuzumab","root","8400226","pmid1"
"529","alemtuzumab","root","8211209","pmid1"
"530","alemtuzumab","root","8228826","pmid1"
"531","alemtuzumab","root","7685389","pmid1"
"532","alemtuzumab","root","8450856","pmid1"
"533","alemtuzumab","root","7680398","pmid1"
"534","alemtuzumab","root","7692295","pmid1"
"535","alemtuzumab","root","8235691","pmid1"
"536","alemtuzumab","root","8485477","pmid1"
"537","alemtuzumab","root","8094189","pmid1"
"538","alemtuzumab","root","7922004","pmid1"
"539","alemtuzumab","root","8057664","pmid1"
"540","alemtuzumab","root","7506951","pmid1"
"541","alemtuzumab","root","7524522","pmid1"
"542","alemtuzumab","root","7989933","pmid1"
"543","alemtuzumab","root","8054913","pmid1"
"544","alemtuzumab","root","8197602","pmid1"
"545","alemtuzumab","root","7525186","pmid1"
"546","alemtuzumab","root","7920312","pmid1"
"547","alemtuzumab","root","8069190","pmid1"
"548","alemtuzumab","root","8049645","pmid1"
"549","alemtuzumab","root","8120556","pmid1"
"550","alemtuzumab","root","7809937","pmid1"
"551","alemtuzumab","root","7540098","pmid1"
"552","alemtuzumab","root","7879212","pmid1"
"553","alemtuzumab","root","8587293","pmid1"
"554","alemtuzumab","root","7879054","pmid1"
"555","alemtuzumab","root","7488279","pmid1"
"556","alemtuzumab","root","7579468","pmid1"
"557","alemtuzumab","root","8588237","pmid1"
"558","alemtuzumab","root","7584950","pmid1"
"559","alemtuzumab","root","7536798","pmid1"
"560","alemtuzumab","root","7890742","pmid1"
"561","alemtuzumab","root","7734348","pmid1"
"562","alemtuzumab","root","7771465","pmid1"
"563","alemtuzumab","root","7596181","pmid1"
"564","alemtuzumab","root","7723546","pmid1"
"565","alemtuzumab","root","7781137","pmid1"
"566","alemtuzumab","root","8528057","pmid1"
"567","alemtuzumab","root","7666104","pmid1"
"568","alemtuzumab","root","7575719","pmid1"
"569","alemtuzumab","root","9552353","pmid1"
"570","alemtuzumab","root","8751471","pmid1"
"571","alemtuzumab","root","8962411","pmid1"
"572","alemtuzumab","root","8962412","pmid1"
"573","alemtuzumab","root","8624684","pmid1"
"574","alemtuzumab","root","8620297","pmid1"
"575","alemtuzumab","root","8977262","pmid1"
"576","alemtuzumab","root","8630428","pmid1"
"577","alemtuzumab","root","8704678","pmid1"
"578","alemtuzumab","root","8611450","pmid1"
"579","alemtuzumab","root","8733704","pmid1"
"580","alemtuzumab","root","8971469","pmid1"
"581","alemtuzumab","root","8652811","pmid1"
"582","alemtuzumab","root","9172812","pmid1"
"583","alemtuzumab","root","8546551","pmid1"
"584","alemtuzumab","root","9238677","pmid1"
"585","alemtuzumab","root","9049965","pmid1"
"586","alemtuzumab","root","8641639","pmid1"
"587","alemtuzumab","root","8981930","pmid1"
"588","alemtuzumab","root","8970605","pmid1"
"589","alemtuzumab","root","8918281","pmid1"
"590","alemtuzumab","root","9355822","pmid1"
"591","alemtuzumab","root","9324281","pmid1"
"592","alemtuzumab","root","9414645","pmid1"
"593","alemtuzumab","root","9351970","pmid1"
"594","alemtuzumab","root","10851464","pmid1"
"595","alemtuzumab","root","9215839","pmid1"
"596","alemtuzumab","root","9250818","pmid1"
"597","alemtuzumab","root","9250791","pmid1"
"598","alemtuzumab","root","9193354","pmid1"
"599","alemtuzumab","root","9177426","pmid1"
"600","alemtuzumab","root","9145041","pmid1"
"601","alemtuzumab","root","9192777","pmid1"
"602","alemtuzumab","root","9178837","pmid1"
"603","alemtuzumab","root","9195505","pmid1"
"604","alemtuzumab","root","9207420","pmid1"
"605","alemtuzumab","root","9209669","pmid1"
"606","alemtuzumab","root","9122943","pmid1"
"607","alemtuzumab","root","9108450","pmid1"
"608","alemtuzumab","root","9048207","pmid1"
"609","alemtuzumab","root","9020367","pmid1"
"610","alemtuzumab","root","9054672","pmid1"
"611","alemtuzumab","root","9053466","pmid1"
"612","alemtuzumab","root","9471060","pmid1"
"613","alemtuzumab","root","9402750","pmid1"
"614","alemtuzumab","root","9760161","pmid1"
"615","alemtuzumab","root","9779699","pmid1"
"616","alemtuzumab","root","9779698","pmid1"
"617","alemtuzumab","root","9779701","pmid1"
"618","alemtuzumab","root","9824507","pmid1"
"619","alemtuzumab","root","9708202","pmid1"
"620","alemtuzumab","root","9685176","pmid1"
"621","alemtuzumab","root","9685175","pmid1"
"622","alemtuzumab","root","9704734","pmid1"
"623","alemtuzumab","root","9578307","pmid1"
"624","alemtuzumab","root","9482530","pmid1"
"625","alemtuzumab","root","9482531","pmid1"
"626","alemtuzumab","root","9593475","pmid1"
"627","alemtuzumab","root","9446633","pmid1"
"628","alemtuzumab","root","9516160","pmid1"
"629","alemtuzumab","root","9721431","pmid1"
"630","alemtuzumab","root","9691083","pmid1"
"631","alemtuzumab","root","9746768","pmid1"
"632","alemtuzumab","root","9758577","pmid1"
"633","alemtuzumab","root","9694951","pmid1"
"634","alemtuzumab","root","9834254","pmid1"
"635","alemtuzumab","root","10235069","pmid1"
"636","alemtuzumab","root","9734890","pmid1"
"637","alemtuzumab","root","9531622","pmid1"
"638","alemtuzumab","root","9573030","pmid1"
"639","alemtuzumab","root","9603161","pmid1"
"640","alemtuzumab","root","9694704","pmid1"
"641","alemtuzumab","root","9694706","pmid1"
"642","alemtuzumab","root","9845514","pmid1"
"643","alemtuzumab","root","9845524","pmid1"
"644","alemtuzumab","root","9808489","pmid1"
"645","alemtuzumab","root","10561018","pmid1"
"646","alemtuzumab","root","10561025","pmid1"
"647","alemtuzumab","root","10541378","pmid1"
"648","alemtuzumab","root","10551552","pmid1"
"649","alemtuzumab","root","10556958","pmid1"
"650","alemtuzumab","root","10561021","pmid1"
"651","alemtuzumab","root","10589082","pmid1"
"652","alemtuzumab","root","10561026","pmid1"
"653","alemtuzumab","root","10577851","pmid1"
"654","alemtuzumab","root","10430977","pmid1"
"655","alemtuzumab","root","10442187","pmid1"
"656","alemtuzumab","root","10515887","pmid1"
"657","alemtuzumab","root","10482936","pmid1"
"658","alemtuzumab","root","10439375","pmid1"
"659","alemtuzumab","root","10512062","pmid1"
"660","alemtuzumab","root","10190945","pmid1"
"661","alemtuzumab","root","10482259","pmid1"
"662","alemtuzumab","root","10516680","pmid1"
"663","alemtuzumab","root","10543369","pmid1"
"664","alemtuzumab","root","10458259","pmid1"
"665","alemtuzumab","root","10408631","pmid1"
"666","alemtuzumab","root","10371508","pmid1"
"667","alemtuzumab","root","10371494","pmid1"
"668","alemtuzumab","root","10354146","pmid1"
"669","alemtuzumab","root","10188761","pmid1"
"670","alemtuzumab","root","10561225","pmid1"
"671","alemtuzumab","root","9973447","pmid1"
"672","alemtuzumab","root","10528911","pmid1"
"673","alemtuzumab","root","10498591","pmid1"
"674","alemtuzumab","root","10498594","pmid1"
"675","alemtuzumab","root","10498590","pmid1"
"676","alemtuzumab","root","10613450","pmid1"
"677","alemtuzumab","root","10855789","pmid1"
"678","alemtuzumab","root","10352162","pmid1"
"679","alemtuzumab","root","10352169","pmid1"
"680","alemtuzumab","root","10366506","pmid1"
"681","alemtuzumab","root","10489036","pmid1"
"682","alemtuzumab","root","10568572","pmid1"
"683","alemtuzumab","root","10221486","pmid1"
"684","alemtuzumab","root","10573065","pmid1"
"685","alemtuzumab","root","10411505","pmid1"
"686","alemtuzumab","root","10438301","pmid1"
"687","alemtuzumab","root","10071037","pmid1"
"688","alemtuzumab","root","10199733","pmid1"
"689","alemtuzumab","root","10589966","pmid1"
"690","alemtuzumab","root","10905770","pmid1"
"691","alemtuzumab","root","11040273","pmid1"
"692","alemtuzumab","root","11147485","pmid1"
"693","alemtuzumab","root","11049025","pmid1"
"694","alemtuzumab","root","10963642","pmid1"
"695","alemtuzumab","root","10877057","pmid1"
"696","alemtuzumab","root","10894358","pmid1"
"697","alemtuzumab","root","10918407","pmid1"
"698","alemtuzumab","root","10735013","pmid1"
"699","alemtuzumab","root","10607689","pmid1"
"700","alemtuzumab","root","10792280","pmid1"
"701","alemtuzumab","root","10844529","pmid1"
"702","alemtuzumab","root","10878285","pmid1"
"703","alemtuzumab","root","10721782","pmid1"
"704","alemtuzumab","root","10713664","pmid1"
"705","alemtuzumab","root","10691866","pmid1"
"706","alemtuzumab","root","10792269","pmid1"
"707","alemtuzumab","root","12042050","pmid1"
"708","alemtuzumab","root","10828867","pmid1"
"709","alemtuzumab","root","11486330","pmid1"
"710","alemtuzumab","root","10779422","pmid1"
"711","alemtuzumab","root","10891432","pmid1"
"712","alemtuzumab","root","10891435","pmid1"
"713","alemtuzumab","root","11200902","pmid1"
"714","alemtuzumab","root","11001893","pmid1"
"715","alemtuzumab","root","11049967","pmid1"
"716","alemtuzumab","root","11258483","pmid1"
"717","alemtuzumab","root","11085457","pmid1"
"718","alemtuzumab","root","11114133","pmid1"
"719","alemtuzumab","root","11071258","pmid1"
"720","alemtuzumab","root","11707828","pmid1"
"721","alemtuzumab","root","10805828","pmid1"
"722","alemtuzumab","root","11114313","pmid1"
"723","alemtuzumab","root","11114321","pmid1"
"724","alemtuzumab","root","10798754","pmid1"
"725","alemtuzumab","root","10798751","pmid1"
"726","alemtuzumab","root","10820364","pmid1"
"727","alemtuzumab","root","10942366","pmid1"
"728","alemtuzumab","root","11023504","pmid1"
"729","alemtuzumab","root","10665560","pmid1"
"730","alemtuzumab","root","12171724","pmid1"
"731","alemtuzumab","root","12171728","pmid1"
"732","alemtuzumab","root","12171721","pmid1"
"733","alemtuzumab","root","12171722","pmid1"
"734","alemtuzumab","root","11920265","pmid1"
"735","alemtuzumab","root","11553001","pmid1"
"736","alemtuzumab","root","11516091","pmid1"
"737","alemtuzumab","root","11583062","pmid1"
"738","alemtuzumab","root","11566020","pmid1"
"739","alemtuzumab","root","11342359","pmid1"
"740","alemtuzumab","root","11160771","pmid1"
"741","alemtuzumab","root","11167809","pmid1"
"742","alemtuzumab","root","11527007","pmid1"
"743","alemtuzumab","root","11230486","pmid1"
"744","alemtuzumab","root","11296131","pmid1"
"745","alemtuzumab","root","11418459","pmid1"
"746","alemtuzumab","root","11520778","pmid1"
"747","alemtuzumab","root","12171714","pmid1"
"748","alemtuzumab","root","11769960","pmid1"
"749","alemtuzumab","root","11158184","pmid1"
"750","alemtuzumab","root","11304768","pmid1"
"751","alemtuzumab","root","11304767","pmid1"
"752","alemtuzumab","root","11435295","pmid1"
"753","alemtuzumab","root","11535503","pmid1"
"754","alemtuzumab","root","11588025","pmid1"
"755","alemtuzumab","root","11685123","pmid1"
"756","alemtuzumab","root","11773171","pmid1"
"757","alemtuzumab","root","12685828","pmid1"
"758","alemtuzumab","root","11807015","pmid1"
"759","alemtuzumab","root","11792397","pmid1"
"760","alemtuzumab","root","11895797","pmid1"
"761","alemtuzumab","root","11807632","pmid1"
"762","alemtuzumab","root","11986207","pmid1"
"763","alemtuzumab","root","10071016","pmid1"
"764","alemtuzumab","root","10545997","pmid1"
"765","alemtuzumab","root","9593789","pmid1"
"766","alemtuzumab","root","10458242","pmid1"
"767","alemtuzumab","root","10214856","pmid1"
"768","alemtuzumab","root","10221490","pmid1"
"769","alemtuzumab","root","9704735","pmid1"
"770","alemtuzumab","root","10093687","pmid1"
"771","alemtuzumab","root","10350343","pmid1"
"772","alemtuzumab","root","13875840","pmid1"
"773","alemtuzumab","root","9310469","pmid1"
"774","alemtuzumab","root","9488043","pmid1"
"775","alemtuzumab","root","9827924","pmid1"
"776","alemtuzumab","root","8683227","pmid1"
"777","alemtuzumab","root","8616860","pmid1"
"778","alemtuzumab","root","8864449","pmid1"
"779","alemtuzumab","root","8790160","pmid1"
"780","alemtuzumab","root","8896434","pmid1"
"781","alemtuzumab","root","8943876","pmid1"
"782","alemtuzumab","root","8932845","pmid1"
"783","alemtuzumab","root","9238056","pmid1"
"784","alemtuzumab","root","8676625","pmid1"
"785","alemtuzumab","root","8605372","pmid1"
"786","alemtuzumab","root","9000652","pmid1"
"787","alemtuzumab","root","9336364","pmid1"
"788","alemtuzumab","root","9707017","pmid1"
"789","alemtuzumab","root","12171727","pmid1"
"790","alemtuzumab","root","10845940","pmid1"
"791","alemtuzumab","root","7907762","pmid1"
"792","alemtuzumab","root","13936775","pmid1"
"793","alemtuzumab","root","13391513","pmid1"
